{
	"partitions" : [
		{
			"name" : "Top",
			"pins" : [
				{
					"name" : "niosverin_0_conduit_end_clk_adc",
					"strict" : false
				},
				{
					"name" : "niosverin_0_conduit_end_cs_n",
					"strict" : false
				},
				{
					"name" : "niosverin_0_conduit_end_out_sens",
					"strict" : false
				},
				{
					"name" : "niosverin_0_conduit_end_out_pwm",
					"strict" : false
				},
				{
					"name" : "pio_0_external_connection_export[0]",
					"strict" : false
				},
				{
					"name" : "pio_0_external_connection_export[1]",
					"strict" : false
				},
				{
					"name" : "pio_0_external_connection_export[2]",
					"strict" : false
				},
				{
					"name" : "pio_0_external_connection_export[3]",
					"strict" : false
				},
				{
					"name" : "pio_0_external_connection_export[4]",
					"strict" : false
				},
				{
					"name" : "pio_0_external_connection_export[5]",
					"strict" : false
				},
				{
					"name" : "pio_0_external_connection_export[6]",
					"strict" : false
				},
				{
					"name" : "pio_0_external_connection_export[7]",
					"strict" : false
				},
				{
					"name" : "niosanemometre_0_io_in_freq_anemometre",
					"strict" : false
				},
				{
					"name" : "clk_clk",
					"strict" : false
				},
				{
					"name" : "niosverin_0_conduit_end_data_in",
					"strict" : false
				},
				{
					"name" : "reset_reset_n",
					"strict" : false
				},
				{
					"name" : "altera_reserved_tms",
					"strict" : false
				},
				{
					"name" : "altera_reserved_tck",
					"strict" : false
				},
				{
					"name" : "altera_reserved_tdi",
					"strict" : false
				},
				{
					"name" : "altera_reserved_tdo",
					"strict" : false
				}
			]
		}
	]
}