{
	"system" : {
		"platform" : "windows64",
		"os_name" : "Windows 7",
		"os_version" : "6.1"
	},
	"error" : {
		"executable" : "quartus",
		"comment" : "not_applicable",
		"error_message" : "Access Violation at 0X000000005D0385F4",
		"source_file" : "unknown",
		"line" : "0",
		"stack_trace" : "\t 0x5d0385f3: QtCore4 + 0xf85f3 (?parent@QObject@@QEBAPEAV1@XZ + 0x3)\n\t 0x5c61256e: QtGui4 + 0x7256e (?window@QWidget@@QEBAPEAV1@XZ + 0xe)\n\t 0x5c636a41: QtGui4 + 0x96a41 (?mapFromGlobal@QWidget@@QEBA?AVQPoint@@AEBV2@@Z + 0x21)\n\t0x7fed7cf5fcb: GCL_AFCQ + 0xc5fcb (?drag_scroll_timer@AFCQ_RECT_DRAG_TRACKER_CALLBACK@@AEAAXXZ + 0x2b)\n\t 0x5d05c420: QtCore4 + 0x11c420 (?activate@QMetaObject@@SAXPEAVQObject@@PEBU1@HPEAPEAX@Z + 0x520)\n\t 0x5d05f979: QtCore4 + 0x11f979 (?event@QObject@@UEAA_NPEAVQEvent@@@Z + 0x69)\n\t 0x5c5c2e95: QtGui4 + 0x22e95 (?notify_helper@QApplicationPrivate@@QEAA_NPEAVQObject@@PEAVQEvent@@@Z + 0xf5)\n\t 0x5c5c2b2f: QtGui4 + 0x22b2f (?notify@QApplication@@UEAA_NPEAVQObject@@PEAVQEvent@@@Z + 0x17bf)\n\t 0x5d04d92b: QtCore4 + 0x10d92b (?notifyInternal@QCoreApplication@@AEAA_NPEAVQObject@@PEAVQEvent@@@Z + 0x7b)\n\t 0x5d073b5d: QtCore4 + 0x133b5d (?registeredTimers@QEventDispatcherWin32@@UEBA?AV?$QList@U?$QPair@HH@@@@PEAVQObject@@@Z + 0x59d)\n\t 0x5d072f7f: QtCore4 + 0x132f7f (?processEvents@QEventDispatcherWin32@@UEAA_NV?$QFlags@W4ProcessEventsFlag@QEventLoop@@@@@Z + 0xb5f)\n\t 0x777c9ac0: USER32 + 0x19ac0 (TranslateMessageEx + 0x290)\n\t 0x777c97dd: USER32 + 0x197dd (TranslateMessage + 0x1dd)\n\t 0x5d072802: QtCore4 + 0x132802 (?processEvents@QEventDispatcherWin32@@UEAA_NV?$QFlags@W4ProcessEventsFlag@QEventLoop@@@@@Z + 0x3e2)\n\t 0x5c620eb4: QtGui4 + 0x80eb4 (?openPopup@QApplicationPrivate@@QEAAXPEAVQWidget@@@Z + 0x204)\n\t 0x5d04a88b: QtCore4 + 0x10a88b (?exec@QEventLoop@@QEAAHV?$QFlags@W4ProcessEventsFlag@QEventLoop@@@@@Z + 0x22b)\n\t0x7fed7c55f2d: GCL_AFCQ + 0x25f2d (?track@AFCQ_DRAG_TRACKER@@SAXPEAVQWidget@@AEBVQPoint@@PEAVAFCQ_DRAG_TRACKER_CALLBACK@@N@Z + 0xad)\n\t0x7fed7c5609a: GCL_AFCQ + 0x2609a (?track_rect@AFCQ_DRAG_TRACKER@@SA?AVQRect@@PEAVQWidget@@AEBVQPoint@@PEAVQScrollArea@@N@Z + 0x4a)\n\t0x7feb5365ea0: prj_pplq + 0x75ea0 (?do_marquee_selection@PPLQ_VIEW_BASE@@IEAA_NAEBVQPoint@@_N1@Z + 0xc0)\n\t0x7feb53687b4: prj_pplq + 0x787b4 (?do_select@PPLQ_VIEW_BASE@@IEAAXV?$QFlags@W4KeyboardModifier@Qt@@@@W4MouseButton@Qt@@VQPoint@@@Z + 0x1f4)\n\t0x7feb53c34c3: prj_pplq + 0xd34c3 (?mousePressEvent@PPLQ_VIEW_BASE@@MEAAXPEAVQMouseEvent@@@Z + 0x143)\n\t 0x5c600780: QtGui4 + 0x60780 (?event@QWidget@@MEAA_NPEAVQEvent@@@Z + 0xc0)\n\t0x7feb5379378: prj_pplq + 0x89378 (?event@PPLQ_VIEW_BASE@@MEAA_NPEAVQEvent@@@Z + 0x98)\n\t 0x5c5c2e95: QtGui4 + 0x22e95 (?notify_helper@QApplicationPrivate@@QEAA_NPEAVQObject@@PEAVQEvent@@@Z + 0xf5)\n\t 0x5c5c1a8e: QtGui4 + 0x21a8e (?notify@QApplication@@UEAA_NPEAVQObject@@PEAVQEvent@@@Z + 0x71e)\n\t 0x5d04d92b: QtCore4 + 0x10d92b (?notifyInternal@QCoreApplication@@AEAA_NPEAVQObject@@PEAVQEvent@@@Z + 0x7b)\n\t 0x5c5c5cfe: QtGui4 + 0x25cfe (?sendMouseEvent@QApplicationPrivate@@SA_NPEAVQWidget@@PEAVQMouseEvent@@00PEAPEAV2@AEAV?$QPointer@VQWidget@@@@_N@Z + 0x1de)\n\t 0x5c6256f0: QtGui4 + 0x856f0 (?trUtf8@QScrollBar@@SA?AVQString@@PEBD0H@Z + 0x1440)\n\t 0x5c6290b1: QtGui4 + 0x890b1 (?winMouseButtonUp@QApplication@@SAXXZ + 0x2761)\n\t 0x777c9ac0: USER32 + 0x19ac0 (TranslateMessageEx + 0x290)\n\t 0x777c97dd: USER32 + 0x197dd (TranslateMessage + 0x1dd)\n\t 0x5d072802: QtCore4 + 0x132802 (?processEvents@QEventDispatcherWin32@@UEAA_NV?$QFlags@W4ProcessEventsFlag@QEventLoop@@@@@Z + 0x3e2)\n\t 0x5c620eb4: QtGui4 + 0x80eb4 (?openPopup@QApplicationPrivate@@QEAAXPEAVQWidget@@@Z + 0x204)\n\t 0x5d04a88b: QtCore4 + 0x10a88b (?exec@QEventLoop@@QEAAHV?$QFlags@W4ProcessEventsFlag@QEventLoop@@@@@Z + 0x22b)\n\t 0x5d04ce6f: QtCore4 + 0x10ce6f (?exec@QCoreApplication@@SAHXZ + 0xdf)\n\t0x13fc1197b: quartus + 0x197b (?qgq_main@@YAHHPEAPEBD@Z + 0x7b)\n\t0x7fef2552e98: CCL_MSG + 0x12e98 (?msg_main_thread@@YAPEAXPEAX@Z + 0x18)\n\t0x7fef255467e: CCL_MSG + 0x1467e (?msg_thread_wrapper@@YAPEAXP6APEAXPEAX@Z0@Z + 0x6e)\n\t0x7fefb746660: ccl_mem + 0x16660 (?mem_thread_wrapper@@YAPEAXP6APEAXPEAX@Z0@Z + 0x70)\n\t0x7fef2552761: CCL_MSG + 0x12761 (?msg_exe_main@@YAHHPEAPEBDP6AHH0@Z@Z + 0xa1)\n\t0x13fc124e7: quartus + 0x24e7 (WinMain + 0x127)\n\t0x13fc11e58: quartus + 0x1e58 (__tmainCRTStartup + 0x148)\n\t 0x778c556c: kernel32 + 0x1556c (BaseThreadInitThunk + 0xc)\n\t 0x77a2372c: ntdll + 0x5372c (RtlUserThreadStart + 0x1c)\n",
		"subsystem" : "unknown"
	},
	"quartus" : {
		"quartus_bits" : "64",
		"version" : "18.1.0",
		"build" : "625",
		"edition" : "Lite Edition"
	}
}