<?xml version="1.0" encoding="UTF-8"?>
<preferences>
 <debug showDebugMenu="0" />
 <systemtable filter="All Interfaces">
  <columns>
   <connections preferredWidth="143" />
   <irq preferredWidth="34" />
   <name preferredWidth="224" />
  </columns>
 </systemtable>
 <library
   expandedCategories="Library/Processors and Peripherals/Peripherals,Library,Library/Basic Functions,Project,Library/Processors and Peripherals" />
 <window width="1936" height="1176" x="-8" y="-8" />
 <generation synthesis="VHDL" path="" />
</preferences>
